Feature,Importance,Rank,Selected
Hour,0.1985059,1,True
Electricity_Price,0.12009935,2,True
hour_sin,0.046520427,3,True
lag_24,0.03778856,4,True
Is_Weekend,0.036511432,5,True
lag_1,0.029064238,6,True
lag_168,0.026073681,7,True
roll_mean_24,0.020448525,8,True
hour_cos,0.01990317,9,True
roll_mean_6,0.019853467,10,True
roll_max_6,0.019221896,11,True
DayOfWeek,0.018417642,12,True
Solar_Radiation_Wm2,0.01784059,13,True
roll_max_168,0.016100226,14,True
lag_48,0.015945923,15,True
lag_3,0.015935851,16,False
Month,0.015749646,17,False
Random_Noise_B,0.015710216,18,False
lag_2,0.015698776,19,False
Random_Noise_A,0.015528016,20,False
roll_std_24,0.015522742,21,False
roll_std_6,0.015498541,22,False
roll_mean_168,0.015453921,23,False
roll_min_6,0.015446382,24,False
Cloud_Cover_pct,0.015356583,25,False
roll_max_24,0.01527365,26,False
Occupancy_Index,0.01525529,27,False
dow_sin,0.015189443,28,False
roll_std_168,0.014976733,29,False
roll_min_168,0.0146938665,30,False
Dew_Point_C,0.01460545,31,False
Pressure_hPa,0.014185427,32,False
Rainfall_mm,0.013952363,33,False
roll_min_24,0.013851867,34,False
Wind_Speed_mps,0.013630277,35,False
dow_cos,0.012942216,36,False
Humidity_pct,0.012667086,37,False
Is_Holiday,0.012112226,38,False
Temperature_F,0.009854873,39,False
Temperature_C,0.008613561,40,False
