Feature,Importance,Rank,Selected,Contribution,Contribution_pct
lag_168,0.46343407,1,True,2194.8283915123343,61.980826951570336
lag_24,0.257142,2,True,1168.4275672018528,32.99579462715155
Hour,0.073316276,3,True,1.6862743496894836,0.04761952190210145
lag_1,0.03282789,4,True,176.1528239082545,4.97446531032201
dow_sin,0.022867875,5,True,-0.017878824747938296,-0.0005048888318944407
hour_sin,0.013673881,6,True,-0.00353906084107892,-9.994126119848802e-05
hour_cos,0.013112951,7,True,0.012666138097445743,0.0003576852370774816
Is_Holiday,0.011401028,8,True,0.0,0.0
Electricity_Price,0.0112934895,9,True,0.0009034791588783264,2.5513787600588895e-05
Is_Weekend,0.010820308,10,True,0.010820307768881321,0.00030555993624798
